longitude,latitude,acq_date,acq_time
25.62087,-33.8814,2022-09-01,1
26.28731,-32.10103,2022-09-01,1
26.28385,-32.10079,2022-09-01,1
26.28963,-32.10015,2022-09-01,1
26.28566,-32.09985,2022-09-01,1
26.28252,-32.09962,2022-09-01,1
26.28822,-32.09561,2022-09-01,1
26.28151,-32.09515,2022-09-01,1
26.2801,-32.09396,2022-09-01,1
26.28795,-32.08461,2022-09-01,1
26.84626,-27.76915,2022-09-01,1
29.36873,-27.739,2022-09-01,1
30.00419,-27.71983,2022-09-01,1
30.00369,-27.71941,2022-09-01,1
30.02299,-27.70109,2022-09-01,1
27.51134,-27.3138,2022-09-01,1
29.8984,-27.16715,2022-09-01,1
30.37881,-27.14425,2022-09-01,1
30.37932,-27.13914,2022-09-01,1
30.37949,-27.13769,2022-09-01,1
27.85717,-26.80559,2022-09-01,1
27.94516,-26.72447,2022-09-01,1
32.14524,-26.71065,2022-09-01,1
27.81007,-26.66807,2022-09-01,1
27.80655,-26.66211,2022-09-01,1
27.81664,-26.66062,2022-09-01,1
27.85322,-26.66005,2022-09-01,1
27.80841,-26.65992,2022-09-01,1
27.81127,-26.65679,2022-09-01,1
27.80715,-26.65648,2022-09-01,1
27.80899,-26.65429,2022-09-01,1
30.11701,-26.60871,2022-09-01,1
30.11342,-26.60851,2022-09-01,1
30.11156,-26.60837,2022-09-01,1
30.11732,-26.60225,2022-09-01,1
30.11366,-26.60205,2022-09-01,1
29.15185,-26.55814,2022-09-01,1
29.1542,-26.55808,2022-09-01,1
29.15545,-26.54589,2022-09-01,1
29.15866,-26.54023,2022-09-01,1
29.16107,-26.54013,2022-09-01,1
29.15367,-26.53986,2022-09-01,1
29.15609,-26.53979,2022-09-01,1
28.4808,-26.36983,2022-09-01,1
32.7274,-26.33606,2022-09-01,1
32.72687,-26.33425,2022-09-01,1
32.73969,-26.28463,2022-09-01,1
28.16046,-26.28136,2022-09-01,1
32.74858,-26.27762,2022-09-01,1
32.74017,-26.27722,2022-09-01,1
32.7491,-26.27021,2022-09-01,1
25.99212,-26.18159,2022-09-01,1
25.99217,-26.18132,2022-09-01,1
29.22859,-26.06601,2022-09-01,1
29.28976,-26.06427,2022-09-01,1
29.20079,-26.03947,2022-09-01,1
29.20185,-26.03883,2022-09-01,1
29.15242,-26.03498,2022-09-01,1
29.18126,-26.03195,2022-09-01,1
29.18227,-26.03119,2022-09-01,1
28.97516,-26.01714,2022-09-01,1
28.30748,-25.97868,2022-09-01,1
27.78644,-25.82034,2022-09-01,1
27.78296,-25.82006,2022-09-01,1
161.31126,56.62478,2022-09-01,100
161.31993,56.6271,2022-09-01,100
161.3092,56.62912,2022-09-01,100
161.31853,56.63161,2022-09-01,100
161.32626,56.63369,2022-09-01,100
161.30867,56.63387,2022-09-01,100
161.31714,56.63614,2022-09-01,100
66.94781,71.17028,2022-09-01,109
88.11527,69.37252,2022-09-02,50
68.36889,70.55458,2022-09-02,52
25.74787,62.59263,2022-09-02,56
25.76392,63.97637,2022-09-02,56
24.42676,64.64568,2022-09-02,56
21.27732,64.66171,2022-09-02,56
21.27963,64.66506,2022-09-02,56
22.22049,65.56184,2022-09-02,56
22.21183,65.56295,2022-09-02,56
22.22296,65.56516,2022-09-02,56
24.18428,65.76398,2022-09-02,56
24.18698,65.7672,2022-09-02,56
24.18969,65.77042,2022-09-02,56
14.17348,66.30988,2022-09-02,56
14.17883,66.30988,2022-09-02,56
33.76779,66.35493,2022-09-02,56
37.93106,51.13898,2022-09-02,58
37.9256,51.1396,2022-09-02,58
37.92377,51.14169,2022-09-02,58
37.76545,51.26054,2022-09-02,58
35.99732,52.20748,2022-09-02,58
39.62402,52.53592,2022-09-02,58
39.6298,52.54148,2022-09-02,58
39.63557,52.54706,2022-09-02,58
39.64494,52.55059,2022-09-02,58
39.59125,52.55614,2022-09-02,58
39.57045,52.55629,2022-09-02,58
39.62194,52.55946,2022-09-02,58
39.61819,52.56142,2022-09-02,58
39.59708,52.56168,2022-09-02,58
29.98967,52.848,2022-09-02,58
24.44851,53.25927,2022-09-02,58
34.41716,53.44334,2022-09-02,58
38.92471,54.2132,2022-09-02,58
38.87136,54.24683,2022-09-02,58
40.60144,54.82849,2022-09-02,58
40.59754,54.83041,2022-09-02,58
40.61439,54.83105,2022-09-02,58
40.59445,54.83114,2022-09-02,58
40.62356,54.83558,2022-09-02,58
40.60352,54.83562,2022-09-02,58
40.62028,54.83631,2022-09-02,58
40.60039,54.83638,2022-09-02,58
40.61648,54.83823,2022-09-02,58
40.61326,54.83897,2022-09-02,58
40.60945,54.84086,2022-09-02,58
40.60629,54.84162,2022-09-02,58
40.61919,54.84421,2022-09-02,58
40.63554,54.84602,2022-09-02,58
40.61541,54.84608,2022-09-02,58
40.63221,54.84676,2022-09-02,58
40.61222,54.84686,2022-09-02,58
21.95128,54.8486,2022-09-02,58
40.62848,54.84866,2022-09-02,58
40.60839,54.84871,2022-09-02,58
40.62519,54.84942,2022-09-02,58
40.60525,54.8495,2022-09-02,58
40.62145,54.85128,2022-09-02,58
40.60141,54.85131,2022-09-02,58
40.63816,54.85199,2022-09-02,58
40.61822,54.85207,2022-09-02,58
40.59832,54.85213,2022-09-02,58
40.63448,54.85387,2022-09-02,58
40.61443,54.8539,2022-09-02,58
40.63116,54.85464,2022-09-02,58
40.61125,54.85471,2022-09-02,58
40.62745,54.85649,2022-09-02,58
40.60742,54.85652,2022-09-02,58
40.62419,54.85728,2022-09-02,58
40.65597,54.8677,2022-09-02,58
40.64893,54.87037,2022-09-02,58
40.66189,54.87295,2022-09-02,58
-176.13583,52.0775,2022-09-03,20
161.30078,56.62566,2022-09-03,22
161.31151,56.62965,2022-09-03,22
56.15859,57.87172,2022-09-03,35
56.16712,57.8743,2022-09-03,35
56.10758,57.91742,2022-09-03,35
56.11569,57.91975,2022-09-03,35
47.43857,52.05299,2022-09-03,37
40.6071,54.82522,2022-09-03,37
40.58746,54.82537,2022-09-03,37
40.60205,54.82684,2022-09-03,37
40.59701,54.82845,2022-09-03,37
40.592,54.83006,2022-09-03,37
40.64597,54.83121,2022-09-03,37
40.62629,54.83136,2022-09-03,37
40.66067,54.83266,2022-09-03,37
40.64094,54.83282,2022-09-03,37
40.67543,54.83408,2022-09-03,37
40.65559,54.83427,2022-09-03,37
40.63588,54.83443,2022-09-03,37
40.68287,54.83563,2022-09-03,37
40.67037,54.8357,2022-09-03,37
40.66318,54.83586,2022-09-03,37
40.65052,54.8359,2022-09-03,37
40.6308,54.83606,2022-09-03,37
40.59154,54.83633,2022-09-03,37
40.70476,54.83702,2022-09-03,37
40.69744,54.83707,2022-09-03,37
40.68502,54.83717,2022-09-03,37
40.67785,54.83727,2022-09-03,37
40.66528,54.83733,2022-09-03,37
40.64547,54.83751,2022-09-03,37
40.65813,54.83751,2022-09-03,37
40.62573,54.83768,2022-09-03,37
40.60609,54.83782,2022-09-03,37
40.71212,54.83848,2022-09-03,37
40.69968,54.83864,2022-09-03,37
40.6924,54.83871,2022-09-03,37
40.67999,54.83878,2022-09-03,37
40.67283,54.8389,2022-09-03,37
40.66019,54.83895,2022-09-03,37
40.64042,54.83912,2022-09-03,37
40.65308,54.83915,2022-09-03,37
40.62069,54.83929,2022-09-03,37
40.60108,54.83942,2022-09-03,37
40.71447,54.84007,2022-09-03,37
40.70704,54.84013,2022-09-03,37
40.69461,54.84026,2022-09-03,37
40.68739,54.84034,2022-09-03,37
40.67495,54.84039,2022-09-03,37
40.66778,54.84054,2022-09-03,37
40.65511,54.84058,2022-09-03,37
40.63537,54.84074,2022-09-03,37
40.64804,54.84079,2022-09-03,37
40.61563,54.8409,2022-09-03,37
40.70935,54.84171,2022-09-03,37
40.70198,54.84177,2022-09-03,37
40.68958,54.84186,2022-09-03,37
40.68237,54.84197,2022-09-03,37
40.66989,54.842,2022-09-03,37
40.65004,54.84219,2022-09-03,37
40.66271,54.84219,2022-09-03,37
40.6303,54.84236,2022-09-03,37
40.64301,54.84241,2022-09-03,37
40.61061,54.84251,2022-09-03,37
40.7167,54.84317,2022-09-03,37
40.70425,54.84333,2022-09-03,37
40.69694,54.84341,2022-09-03,37
40.68453,54.84347,2022-09-03,37
40.67735,54.8436,2022-09-03,37
40.66479,54.84362,2022-09-03,37
40.64499,54.84381,2022-09-03,37
40.65765,54.84383,2022-09-03,37
40.62524,54.84397,2022-09-03,37
40.63799,54.84405,2022-09-03,37
65.42758,60.81684,2022-09-04,16
67.2803,61.43137,2022-09-04,16
66.95051,61.75291,2022-09-04,16
68.57309,61.98343,2022-09-04,16
60.24859,57.49637,2022-09-04,18
60.25218,57.4964,2022-09-04,18
56.16483,57.8729,2022-09-04,18
58.03297,57.89469,2022-09-04,18
56.65578,58.32247,2022-09-04,18
60.59071,59.59107,2022-09-04,18
54.51871,60.9423,2022-09-04,18
24.18287,65.76313,2022-09-04,18
14.17877,66.30904,2022-09-04,18
14.17577,66.30946,2022-09-04,18
45.45237,50.74808,2022-09-04,20
45.44543,50.7505,2022-09-04,20
51.6657,52.55783,2022-09-04,20
40.61155,54.82122,2022-09-04,20
40.58694,54.82281,2022-09-04,20
40.58648,54.82491,2022-09-04,20
40.52211,54.88238,2022-09-04,20
40.53243,54.88458,2022-09-04,20
40.52545,54.88646,2022-09-04,20
28.5982,55.4848,2022-09-04,20
28.58813,55.50379,2022-09-04,20
37.75881,55.55456,2022-09-04,20
38.27703,55.60266,2022-09-04,20
42.46023,56.49335,2022-09-04,20
42.47522,56.5097,2022-09-04,20
42.46778,56.51177,2022-09-04,20
42.37151,56.54867,2022-09-04,20
42.36042,56.55683,2022-09-04,20
42.35297,56.55888,2022-09-04,20
9.97281,57.06315,2022-09-04,20
40.36499,57.14175,2022-09-04,20
40.95261,57.78589,2022-09-04,20
40.95294,57.78768,2022-09-04,20
12.37571,58.35826,2022-09-04,20
12.37507,58.36119,2022-09-04,20
28.45929,59.38567,2022-09-04,20
30.26789,60.15345,2022-09-04,20
28.12657,60.5222,2022-09-04,20
9.14121,63.31622,2022-09-04,20
37.67643,44.83987,2022-09-04,22
45.28279,44.91158,2022-09-04,22
38.66065,45.24066,2022-09-04,22
37.74416,47.15321,2022-09-04,22
37.74711,47.15792,2022-09-04,22
29.01604,47.78466,2022-09-04,22
28.95697,47.78862,2022-09-04,22
28.95129,47.78971,2022-09-04,22
21.03304,47.90552,2022-09-04,22
43.88434,48.4346,2022-09-04,22
20.83892,48.59236,2022-09-04,22
21.18047,48.60161,2022-09-04,22
21.18059,48.60402,2022-09-04,22
21.18756,48.60446,2022-09-04,22
21.18145,48.60517,2022-09-04,22
21.17533,48.60588,2022-09-04,22
21.18766,48.60684,2022-09-04,22
21.18155,48.60757,2022-09-04,22
21.18854,48.60802,2022-09-04,22
21.17544,48.60831,2022-09-04,22
21.1763,48.60944,2022-09-04,22
21.19563,48.61087,2022-09-04,22
21.18952,48.61158,2022-09-04,22
21.18437,48.61586,2022-09-04,22
21.18534,48.61942,2022-09-04,22
20.21814,48.64674,2022-09-04,22
8.3258,49.06086,2022-09-04,22
6.84242,49.24432,2022-09-04,22
6.85157,49.24438,2022-09-04,22
6.84628,49.24575,2022-09-04,22
6.74559,49.35949,2022-09-04,22
5.95816,49.50619,2022-09-04,22
5.89779,49.52608,2022-09-04,22
9.76486,49.9567,2022-09-04,22
20.10131,50.07582,2022-09-04,22
19.28885,50.33445,2022-09-04,22
19.33833,50.34178,2022-09-04,22
19.33064,50.34251,2022-09-04,22
19.29171,50.34619,2022-09-04,22
4.53484,50.41841,2022-09-04,22
19.46667,50.4919,2022-09-04,22
45.58278,49.99814,2022-09-05,1
45.44769,50.7455,2022-09-05,1
45.45115,50.7502,2022-09-05,1
44.53457,50.91036,2022-09-05,1
37.92596,51.14046,2022-09-05,1
37.94283,51.15701,2022-09-05,1
37.76453,51.25631,2022-09-05,1
37.76651,51.2599,2022-09-05,1
30.18139,51.40375,2022-09-05,1
47.44091,52.0513,2022-09-05,1
47.43589,52.05287,2022-09-05,1
47.44184,52.05292,2022-09-05,1
39.61255,52.5429,2022-09-05,1
39.61478,52.54657,2022-09-05,1
23.78914,52.63093,2022-09-05,1
37.77725,53.1302,2022-09-05,1
24.44938,53.2622,2022-09-05,1
34.42009,53.44193,2022-09-05,1
34.41433,53.44294,2022-09-05,1
38.35844,53.4487,2022-09-05,1
9.89483,53.51952,2022-09-05,1
9.89187,53.52048,2022-09-05,1
20.71563,53.98457,2022-09-05,1
37.54802,54.13562,2022-09-05,1
37.7183,54.14307,2022-09-05,1
37.72029,54.14645,2022-09-05,1
37.72625,54.15661,2022-09-05,1
38.92472,54.21411,2022-09-05,1
45.86849,54.44503,2022-09-05,1
44.71873,54.46212,2022-09-05,1
37.34265,54.48397,2022-09-05,1
40.62167,54.80157,2022-09-05,1
40.62449,54.80251,2022-09-05,1
40.63166,54.80343,2022-09-05,1
40.6241,54.80515,2022-09-05,1
40.62693,54.80608,2022-09-05,1
40.59899,54.80671,2022-09-05,1
40.63411,54.80701,2022-09-05,1
40.60175,54.80756,2022-09-05,1
40.59144,54.80842,2022-09-05,1
40.60897,54.80858,2022-09-05,1
40.62653,54.80873,2022-09-05,1
40.59417,54.80925,2022-09-05,1
40.62937,54.80967,2022-09-05,1
40.60141,54.81029,2022-09-05,1
40.61894,54.81045,2022-09-05,1
40.60417,54.81115,2022-09-05,1
40.62176,54.81136,2022-09-05,1
40.59385,54.812,2022-09-05,1
40.44951,54.81264,2022-09-05,1
40.59659,54.81283,2022-09-05,1
40.61417,54.81304,2022-09-05,1
40.60383,54.81387,2022-09-05,1
40.62136,54.81403,2022-09-05,1
40.67413,54.81448,2022-09-05,1
40.6066,54.81472,2022-09-05,1
40.59627,54.81558,2022-09-05,1
40.61379,54.81575,2022-09-05,1
40.66652,54.8162,2022-09-05,1
40.59902,54.81641,2022-09-05,1
40.60625,54.81745,2022-09-05,1
40.59143,54.81809,2022-09-05,1
40.59867,54.81916,2022-09-05,1
40.61621,54.81933,2022-09-05,1
40.66894,54.81979,2022-09-05,1
40.66133,54.82151,2022-09-05,1
40.67895,54.82167,2022-09-05,1
40.67135,54.82338,2022-09-05,1
40.62861,54.82478,2022-09-05,1
40.66375,54.8251,2022-09-05,1
40.65615,54.82682,2022-09-05,1
40.67377,54.82697,2022-09-05,1
40.66617,54.82869,2022-09-05,1
40.68378,54.82884,2022-09-05,1
40.67619,54.83055,2022-09-05,1
40.69381,54.83071,2022-09-05,1
40.66861,54.83227,2022-09-05,1
40.68621,54.83243,2022-09-05,1
40.70382,54.83259,2022-09-05,1
40.67863,54.83414,2022-09-05,1
40.69622,54.8343,2022-09-05,1
40.71387,54.83446,2022-09-05,1
40.67105,54.83585,2022-09-05,1
40.68863,54.83602,2022-09-05,1
40.70625,54.83618,2022-09-05,1
40.69864,54.83789,2022-09-05,1
40.71631,54.83805,2022-09-05,1
40.67348,54.83943,2022-09-05,1
40.69105,54.83961,2022-09-05,1
40.66587,54.84114,2022-09-05,1
40.71875,54.84164,2022-09-05,1
40.69347,54.8432,2022-09-05,1
40.59803,54.84404,2022-09-05,1
40.6683,54.84473,2022-09-05,1
40.72117,54.84523,2022-09-05,1
40.5905,54.84574,2022-09-05,1
40.67072,54.84832,2022-09-05,1
40.37919,54.84864,2022-09-05,1
40.7236,54.84882,2022-09-05,1
40.59291,54.84932,2022-09-05,1
40.69832,54.85037,2022-09-05,1
40.63794,54.85156,2022-09-05,1
40.69073,54.85208,2022-09-05,1
32.43484,-9.75654,2022-09-06,1
32.4409,-9.75558,2022-09-06,1
32.43475,-9.75482,2022-09-06,1
32.44189,-9.75045,2022-09-06,1
32.43572,-9.74973,2022-09-06,1
30.15387,-9.50939,2022-09-06,1
30.15197,-9.50757,2022-09-06,1
30.15441,-9.50347,2022-09-06,1
30.15013,-9.5029,2022-09-06,1
29.1197,-9.46672,2022-09-06,1
31.00959,-9.38353,2022-09-06,1
31.00519,-9.383,2022-09-06,1
28.12884,-9.322,2022-09-06,1
29.8117,-9.31153,2022-09-06,1
31.45206,-9.29139,2022-09-06,1
30.99079,-9.2711,2022-09-06,1
30.98626,-9.27051,2022-09-06,1
30.98183,-9.26994,2022-09-06,1
30.99042,-9.26899,2022-09-06,1
30.98589,-9.26844,2022-09-06,1
30.98146,-9.2679,2022-09-06,1
30.98728,-9.26435,2022-09-06,1
30.98286,-9.26378,2022-09-06,1
30.96965,-9.26208,2022-09-06,1
30.96919,-9.26011,2022-09-06,1
30.49948,-9.23791,2022-09-06,1
28.08934,-9.22795,2022-09-06,1
28.08611,-9.22753,2022-09-06,1
28.09035,-9.22535,2022-09-06,1
28.08714,-9.22491,2022-09-06,1
29.98507,-9.20407,2022-09-06,1
30.05927,-9.20175,2022-09-06,1
31.01151,-9.19297,2022-09-06,1
31.01076,-9.1917,2022-09-06,1
31.04348,-9.18944,2022-09-06,1
30.11264,-9.17457,2022-09-06,1
30.10866,-9.17404,2022-09-06,1
30.11126,-9.17266,2022-09-06,1
29.42658,-9.12601,2022-09-06,1
30.13812,-9.11236,2022-09-06,1
28.18402,-9.02725,2022-09-06,1
28.18324,-9.02481,2022-09-06,1
31.33502,-9.02088,2022-09-06,1
28.26401,-8.94131,2022-09-06,1
25.51462,-8.93446,2022-09-06,1
30.48896,-8.90915,2022-09-06,1
31.89091,-8.83274,2022-09-06,1
30.68475,-8.81534,2022-09-06,1
30.68394,-8.81441,2022-09-06,1
25.52313,-8.80188,2022-09-06,1
25.52374,-8.79762,2022-09-06,1
25.5285,-8.79393,2022-09-06,1
25.52435,-8.79335,2022-09-06,1
28.64552,-8.74222,2022-09-06,1
30.76613,-8.70052,2022-09-06,1
30.75931,-8.69346,2022-09-06,1
28.04677,-8.65514,2022-09-06,1
28.04732,-8.65006,2022-09-06,1
28.07923,-8.63892,2022-09-06,1
25.86731,-8.62668,2022-09-06,1
25.61518,-8.53681,2022-09-06,1
25.61112,-8.53623,2022-09-06,1
28.61569,-8.52506,2022-09-06,1
28.22139,-8.46051,2022-09-06,1
28.21834,-8.4601,2022-09-06,1
25.62954,-8.43555,2022-09-06,1
23.81683,-8.43473,2022-09-06,1
29.27846,-8.42475,2022-09-06,1
29.27936,-8.42471,2022-09-06,1
28.77398,-8.39121,2022-09-06,1
28.77445,-8.38587,2022-09-06,1
26.22043,-8.36811,2022-09-06,1
24.07117,-8.36752,2022-09-06,1
24.0665,-8.36684,2022-09-06,1
24.04811,-8.36025,2022-09-06,1
24.06299,-8.35845,2022-09-06,1
24.0487,-8.35639,2022-09-06,1
24.06459,-8.34687,2022-09-06,1
24.05988,-8.3462,2022-09-06,1
24.06177,-8.34541,2022-09-06,1
24.0053,-8.32267,2022-09-06,1
24.00728,-8.32153,2022-09-06,1
24.00256,-8.32082,2022-09-06,1
29.21422,-8.28132,2022-09-06,1
29.2109,-8.28087,2022-09-06,1
29.66365,-8.27917,2022-09-06,1
29.66448,-8.2764,2022-09-06,1
31.12173,-8.25032,2022-09-06,1
31.12082,-8.24879,2022-09-06,1
31.12235,-8.24413,2022-09-06,1
31.29551,-8.16579,2022-09-06,1
29.69692,-8.15492,2022-09-06,1
29.69571,-8.15115,2022-09-06,1
29.69703,-8.14922,2022-09-06,1
29.69577,-8.14544,2022-09-06,1
30.39361,-8.11618,2022-09-06,1
23.91662,-8.08455,2022-09-06,1
31.11509,-8.08063,2022-09-06,1
23.91713,-8.0496,2022-09-06,1
22.77813,-8.01334,2022-09-06,1
29.31812,-7.92663,2022-09-06,1
18.90431,-7.82294,2022-09-06,1
18.90839,-7.82016,2022-09-06,1
18.90484,-7.81959,2022-09-06,1
32.33914,-7.81751,2022-09-06,1
32.33488,-7.81696,2022-09-06,1
32.33092,-7.81645,2022-09-06,1
18.90538,-7.81624,2022-09-06,1
32.34977,-7.81215,2022-09-06,1
30.7962,-7.71574,2022-09-06,1
30.06051,-7.67612,2022-09-06,1
30.87464,-7.66477,2022-09-06,1
30.87695,-7.66309,2022-09-06,1
26.3172,-7.64891,2022-09-06,1
161.29747,56.62647,2022-09-07,48
161.32219,56.62835,2022-09-07,48
161.32002,56.629,2022-09-07,48
161.30811,56.62968,2022-09-07,48
161.32069,56.63348,2022-09-07,48
161.31854,56.63411,2022-09-07,48
161.30862,56.63542,2022-09-07,48
76.1951,67.01569,2022-09-07,58
79.08752,67.30588,2022-09-07,58
58.04274,66.42046,2022-09-07,100
58.04234,66.42367,2022-09-07,100
56.98098,66.72974,2022-09-07,100
56.76921,66.77872,2022-09-07,100
56.7634,66.7815,2022-09-07,100
56.7006,67.16913,2022-09-07,100
56.62321,67.17989,2022-09-07,100
58.93449,67.83876,2022-09-07,100
55.96581,67.93511,2022-09-07,100
55.47897,67.95715,2022-09-07,100
58.37156,68.32462,2022-09-07,100
58.3741,68.32596,2022-09-07,100
24.1771,65.76213,2022-09-07,102
24.18802,65.76406,2022-09-07,102
24.17996,65.76529,2022-09-07,102
24.19089,65.76721,2022-09-07,102
32.8063,46.74034,2022-09-07,105
32.77411,47.06182,2022-09-07,105
32.77589,47.06195,2022-09-07,105
34.39154,47.50312,2022-09-07,105
27.98304,47.71287,2022-09-07,105
29.01518,47.78304,2022-09-07,105
24.71024,48.97373,2022-09-07,105
18.48394,50.03679,2022-09-07,105
20.1001,50.07214,2022-09-07,105
18.82901,50.33165,2022-09-07,105
19.28981,50.33492,2022-09-07,105
19.28964,50.33522,2022-09-07,105
19.29141,50.33832,2022-09-07,105
18.60622,50.36313,2022-09-07,105
19.46794,50.48982,2022-09-07,105
19.45613,50.49213,2022-09-07,105
5.66771,50.76288,2022-09-07,105
20.52968,50.80546,2022-09-07,105
21.45296,50.94558,2022-09-07,105
2.25168,51.03124,2022-09-07,105
2.25161,51.03207,2022-09-07,105
2.29114,51.04084,2022-09-07,105
2.2965,51.04578,2022-09-07,105
18.93862,51.10353,2022-09-07,105
3.81213,51.16534,2022-09-07,105
3.80389,51.16577,2022-09-07,105
3.81335,51.1668,2022-09-07,105
3.80513,51.16727,2022-09-07,105
3.81283,51.17014,2022-09-07,105
3.80462,51.17057,2022-09-07,105
3.81403,51.1716,2022-09-07,105
3.80583,51.17207,2022-09-07,105
3.81353,51.17495,2022-09-07,105
3.80527,51.17538,2022-09-07,105
16.11351,51.17806,2022-09-07,105
3.81423,51.17976,2022-09-07,105
16.11485,51.18131,2022-09-07,105
15.97993,51.68734,2022-09-07,105
0.52944,51.76725,2022-09-07,105
14.63665,52.16799,2022-09-07,105
14.61406,52.17126,2022-09-07,105
20.92091,52.29827,2022-09-07,105
13.83856,52.48761,2022-09-07,105
12.21331,53.21483,2022-09-07,105
-0.24211,53.63411,2022-09-07,105
-0.24885,53.6342,2022-09-07,105
-0.23813,53.73821,2022-09-07,105
9.97627,57.06001,2022-09-07,105
18.80144,57.70877,2022-09-07,105
12.38041,58.35638,2022-09-07,105
12.379,58.35995,2022-09-07,105
12.38179,58.36009,2022-09-07,105
12.37332,58.36095,2022-09-07,105
17.12912,58.68274,2022-09-07,105
1.66505,59.74349,2022-09-07,105
15.4515,60.48466,2022-09-07,105
28.13071,60.51916,2022-09-07,105
1.44447,60.80592,2022-09-07,105
1.46959,60.85852,2022-09-07,105
1.46199,60.85858,2022-09-07,105
5.30746,61.77116,2022-09-07,105
9.14554,63.31548,2022-09-07,105
26.93268,38.83229,2022-09-07,107
29.76536,40.75172,2022-09-07,107
29.37333,40.7972,2022-09-07,107
27.95927,41.0135,2022-09-07,107
27.95997,41.01595,2022-09-07,107
28.55331,41.01793,2022-09-07,107
28.55426,41.0182,2022-09-07,107
19.74337,41.50182,2022-09-07,107
12.67381,42.57022,2022-09-07,107
161.30048,56.62657,2022-09-08,28
161.30943,56.62974,2022-09-08,28
161.32039,56.63361,2022-09-08,28
88.11614,69.36875,2022-09-08,37
88.11277,69.37357,2022-09-08,37
80.46056,66.66218,2022-09-08,39
80.45444,66.66843,2022-09-08,39
60.50725,67.65891,2022-09-08,39
60.50656,67.66136,2022-09-08,39
58.93778,67.83734,2022-09-08,39
58.93358,67.83781,2022-09-08,39
58.01804,68.60867,2022-09-08,39
57.96261,68.61655,2022-09-08,39
57.98195,68.62289,2022-09-08,39
56.50811,65.1619,2022-09-08,41
56.70483,67.16782,2022-09-08,41
56.62659,67.17757,2022-09-08,41
28.46231,59.38313,2022-09-08,43
34.14629,59.53099,2022-09-08,43
22.28779,60.28493,2022-09-08,43
25.52897,60.31156,2022-09-08,43
28.12787,60.52264,2022-09-08,43
28.17311,61.02934,2022-09-08,43
9.14264,63.31793,2022-09-08,43
24.42847,64.64566,2022-09-08,43
24.42919,64.66013,2022-09-08,43
21.28324,64.66255,2022-09-08,43
22.22286,65.56202,2022-09-08,43
22.213,65.56307,2022-09-08,43
24.18006,65.76403,2022-09-08,43
24.19168,65.76634,2022-09-08,43
24.19409,65.76975,2022-09-08,43
14.17763,66.31119,2022-09-08,43
14.17206,66.31143,2022-09-08,43
37.95156,48.06217,2022-09-08,45
38.75419,48.46515,2022-09-08,45
38.00095,48.5889,2022-09-08,45
37.13403,49.69455,2022-09-08,45
33.90042,50.25759,2022-09-08,45
36.55337,50.60915,2022-09-08,45
29.5726,51.37303,2022-09-08,45
29.44962,51.37445,2022-09-08,45
29.57506,51.37695,2022-09-08,45
29.43831,51.37716,2022-09-08,45
29.56938,51.37834,2022-09-08,45
29.55963,51.39425,2022-09-08,45
29.55396,51.39564,2022-09-08,45
29.54828,51.39702,2022-09-08,45
29.56208,51.39817,2022-09-08,45
29.54262,51.3984,2022-09-08,45
29.5564,51.39955,2022-09-08,45
29.53699,51.39977,2022-09-08,45
29.55073,51.40093,2022-09-08,45
29.53134,51.40114,2022-09-08,45
29.54508,51.40231,2022-09-08,45
29.53943,51.40368,2022-09-08,45
30.19133,51.40413,2022-09-08,45
29.53378,51.40505,2022-09-08,45
29.54188,51.40759,2022-09-08,45
29.60031,51.4385,2022-09-08,45
29.91978,51.43889,2022-09-08,45
29.5946,51.43988,2022-09-08,45
29.91394,51.44033,2022-09-08,45
29.58893,51.44125,2022-09-08,45
29.92814,51.44141,2022-09-08,45
29.60276,51.44242,2022-09-08,45
29.58326,51.44261,2022-09-08,45
29.59705,51.44379,2022-09-08,45
29.87654,51.44495,2022-09-08,45
29.59137,51.44516,2022-09-08,45
29.5136,51.44591,2022-09-08,45
29.5857,51.44653,2022-09-08,45
29.54676,51.44691,2022-09-08,45
29.87905,51.4489,2022-09-08,45
29.54919,51.45081,2022-09-08,45
29.92977,51.45473,2022-09-08,45
29.93228,51.45869,2022-09-08,45
29.60687,51.45945,2022-09-08,45
29.9348,51.46265,2022-09-08,45
29.92897,51.46408,2022-09-08,45
29.93736,51.46659,2022-09-08,45
26.65534,51.46867,2022-09-08,45
26.5761,51.5453,2022-09-08,45
66.45155,61.73387,2022-09-09,22
66.96447,61.75151,2022-09-09,22
66.95493,61.75701,2022-09-09,22
66.96155,61.75855,2022-09-09,22
68.56616,61.98018,2022-09-09,22
68.56738,61.98384,2022-09-09,22
68.57851,61.98466,2022-09-09,22
68.5164,62.39819,2022-09-09,22
67.48589,62.9613,2022-09-09,22
67.49208,62.96171,2022-09-09,22
72.83568,63.24636,2022-09-09,22
24.42032,64.64487,2022-09-09,24
14.17468,66.31331,2022-09-09,24
47.43913,52.05336,2022-09-09,26
37.71738,54.16772,2022-09-09,26
37.71619,54.16813,2022-09-09,26
34.69934,56.47128,2022-09-09,26
35.10235,56.53352,2022-09-09,26
12.37981,58.35957,2022-09-09,26
33.86846,58.38772,2022-09-09,26
28.13367,59.06192,2022-09-09,26
37.7906,59.12984,2022-09-09,26
37.78237,59.13173,2022-09-09,26
37.82458,59.13462,2022-09-09,26
37.84703,59.14123,2022-09-09,26
37.85023,59.14133,2022-09-09,26
37.85014,59.14471,2022-09-09,26
37.85333,59.14482,2022-09-09,26
37.87278,59.14786,2022-09-09,26
37.85321,59.14821,2022-09-09,26
37.85641,59.14832,2022-09-09,26
37.83365,59.14856,2022-09-09,26
37.83678,59.14862,2022-09-09,26
37.86452,59.14979,2022-09-09,26
32.36511,59.21196,2022-09-09,26
28.45925,59.38403,2022-09-09,26
35.14175,59.46675,2022-09-09,26
34.14482,59.52988,2022-09-09,26
32.36098,59.91141,2022-09-09,26
16.79128,60.61238,2022-09-09,26
25.74775,62.5951,2022-09-09,26
9.1444,63.31643,2022-09-09,26
42.00986,44.12413,2022-09-09,28
42.01118,44.12921,2022-09-09,28
39.73945,45.21957,2022-09-09,28
40.72162,45.59275,2022-09-09,28
38.13559,45.77339,2022-09-09,28
38.07178,45.90872,2022-09-09,28
38.06658,45.91031,2022-09-09,28
38.06137,45.91188,2022-09-09,28
38.08035,45.91242,2022-09-09,28
38.05618,45.91346,2022-09-09,28
38.07513,45.914,2022-09-09,28
38.07937,45.91437,2022-09-09,28
38.06993,45.91558,2022-09-09,28
38.07418,45.91597,2022-09-09,28
38.06473,45.91716,2022-09-09,28
38.06899,45.91758,2022-09-09,28
38.0837,45.9177,2022-09-09,28
38.05952,45.91874,2022-09-09,28
38.06381,45.91919,2022-09-09,28
38.07849,45.91928,2022-09-09,28
38.0827,45.91965,2022-09-09,28
38.05433,45.92032,2022-09-09,28
38.05863,45.92078,2022-09-09,28
38.07328,45.92086,2022-09-09,28
38.07751,45.92126,2022-09-09,28
38.05345,45.92239,2022-09-09,28
38.06808,45.92244,2022-09-09,28
38.07233,45.92286,2022-09-09,28
38.06287,45.92402,2022-09-09,28
38.06714,45.92447,2022-09-09,28
42.48246,46.20102,2022-09-09,28
42.48078,46.22459,2022-09-09,28
37.97469,47.78736,2022-09-09,28
33.38521,47.87219,2022-09-09,28
37.95268,48.05824,2022-09-09,28
37.95578,48.05959,2022-09-09,28
38.77552,48.45896,2022-09-09,28
38.76082,48.4634,2022-09-09,28
38.76433,48.46838,2022-09-09,28
34.62606,48.47242,2022-09-09,28
44.18832,48.98085,2022-09-09,28
44.18457,48.98162,2022-09-09,28
44.18933,48.98748,2022-09-09,28
44.18204,48.99012,2022-09-09,28
76.19087,67.01228,2022-09-10,3
76.18474,67.01575,2022-09-10,3
65.78684,72.12552,2022-09-10,3
65.79589,72.12823,2022-09-10,3
51.89917,55.59816,2022-09-10,5
51.90451,55.60314,2022-09-10,5
51.94485,55.60946,2022-09-10,5
56.16162,57.87269,2022-09-10,5
28.12777,60.5231,2022-09-10,5
74.7827,62.41415,2022-09-10,5
45.58298,49.99685,2022-09-10,7
43.2344,50.09268,2022-09-10,7
45.44991,50.74739,2022-09-10,7
44.53122,50.91209,2022-09-10,7
37.93141,51.13908,2022-09-10,7
37.76329,51.25956,2022-09-10,7
53.32698,51.32301,2022-09-10,7
53.33543,51.32591,2022-09-10,7
53.23061,51.35293,2022-09-10,7
53.22445,51.35382,2022-09-10,7
53.22163,51.35649,2022-09-10,7
46.23243,51.79353,2022-09-10,7
53.80669,51.84427,2022-09-10,7
53.80865,51.84525,2022-09-10,7
53.81286,51.85022,2022-09-10,7
54.75019,51.86779,2022-09-10,7
54.75922,51.86828,2022-09-10,7
54.7408,51.87172,2022-09-10,7
54.74981,51.87216,2022-09-10,7
54.75646,51.87392,2022-09-10,7
39.85071,51.92205,2022-09-10,7
39.85329,51.92601,2022-09-10,7
47.76797,51.95215,2022-09-10,7
54.11677,51.97764,2022-09-10,7
54.07376,51.98679,2022-09-10,7
47.4398,52.05313,2022-09-10,7
54.12263,52.22761,2022-09-10,7
54.12038,52.22972,2022-09-10,7
39.62837,52.53483,2022-09-10,7
39.62973,52.53686,2022-09-10,7
39.63091,52.5387,2022-09-10,7
39.57318,52.5507,2022-09-10,7
39.57415,52.5523,2022-09-10,7
39.58796,52.55346,2022-09-10,7
39.61463,52.554,2022-09-10,7
39.58948,52.55566,2022-09-10,7
39.57016,52.55591,2022-09-10,7
39.57113,52.55748,2022-09-10,7
39.61715,52.55786,2022-09-10,7
39.61148,52.55925,2022-09-10,7
39.59202,52.55952,2022-09-10,7
39.57271,52.55975,2022-09-10,7
39.62533,52.56034,2022-09-10,7
39.60582,52.56062,2022-09-10,7
39.62993,52.66538,2022-09-10,7
29.99294,52.84638,2022-09-10,7
29.9873,52.84724,2022-09-10,7
29.99564,52.85291,2022-09-10,7
35.82213,53.26002,2022-09-10,7
32.01169,53.39394,2022-09-10,7
34.41807,53.44171,2022-09-10,7
9.19776,53.90891,2022-09-10,7
9.1998,53.9115,2022-09-10,7
37.7244,54.15537,2022-09-10,7
37.71474,54.16544,2022-09-10,7
37.71696,54.16895,2022-09-10,7
38.92528,54.2141,2022-09-10,7
45.87117,54.44248,2022-09-10,7
39.62545,54.6672,2022-09-10,7
40.69109,54.83216,2022-09-10,7
40.68119,54.89169,2022-09-10,7
40.64283,54.92275,2022-09-10,7
33.0384,55.80121,2022-09-10,7
59.89805,56.85847,2022-09-10,7
59.88893,56.86254,2022-09-10,7
60.0313,57.92167,2022-09-10,7
60.03694,57.92634,2022-09-10,7
60.05238,57.94556,2022-09-10,7
60.05481,57.94595,2022-09-10,7
56.65192,58.32309,2022-09-10,7
29.91259,58.35718,2022-09-10,7
58.33111,58.39241,2022-09-10,7
58.32825,58.39456,2022-09-10,7
31.26898,58.57412,2022-09-10,7
17.97292,58.92028,2022-09-10,7
28.13735,59.063,2022-09-10,7
28.45848,59.3854,2022-09-10,7
34.14515,59.53043,2022-09-10,7
16.95092,10.25279,2022-09-11,1
31.50924,0.48641,2022-09-11,3
31.7382,0.9681,2022-09-11,3
16.06449,2.62935,2022-09-11,3
17.18063,3.37033,2022-09-11,3
11.49989,5.79901,2022-09-11,3
29.17483,-8.26556,2022-09-11,5
30.23965,-8.08953,2022-09-11,5
30.42671,-8.08793,2022-09-11,5
30.23992,-8.08415,2022-09-11,5
30.24125,-8.08319,2022-09-11,5
30.23562,-8.08245,2022-09-11,5
31.39926,-6.89135,2022-09-11,5
31.39918,-6.89042,2022-09-11,5
31.40019,-6.88456,2022-09-11,5
31.40008,-6.88363,2022-09-11,5
14.53902,-6.15198,2022-09-11,5
29.13544,-6.00149,2022-09-11,5
30.69628,-6.00122,2022-09-11,5
13.86375,-5.9044,2022-09-11,5
13.61569,-5.85886,2022-09-11,5
14.00026,-5.82289,2022-09-11,5
14.0917,-5.67891,2022-09-11,5
14.09003,-5.67692,2022-09-11,5
29.29659,-5.4757,2022-09-11,5
15.47182,-5.38203,2022-09-11,5
15.36595,-5.35319,2022-09-11,5
15.36426,-5.35109,2022-09-11,5
11.70133,-5.20252,2022-09-11,5
11.6964,-5.20168,2022-09-11,5
15.30003,-5.05591,2022-09-11,5
15.30062,-5.05219,2022-09-11,5
15.51106,-5.04616,2022-09-11,5
15.51219,-5.04526,2022-09-11,5
15.51164,-5.04248,2022-09-11,5
11.61398,-5.01607,2022-09-11,5
29.68194,-4.64473,2022-09-11,5
14.82596,-4.63795,2022-09-11,5
13.19913,-4.48032,2022-09-11,5
16.73101,-4.43661,2022-09-11,5
12.77403,-4.37376,2022-09-11,5
12.77566,-4.37315,2022-09-11,5
12.77131,-4.37241,2022-09-11,5
12.77451,-4.3693,2022-09-11,5
17.50244,-4.35739,2022-09-11,5
17.50299,-4.35399,2022-09-11,5
16.0655,-4.33709,2022-09-11,5
17.23642,-4.30101,2022-09-11,5
17.23697,-4.29758,2022-09-11,5
16.15682,-4.25444,2022-09-11,5
16.15744,-4.25085,2022-09-11,5
30.63491,-4.23313,2022-09-11,5
16.7096,-4.1916,2022-09-11,5
15.88247,-4.1881,2022-09-11,5
14.54313,-4.18715,2022-09-11,5
16.19567,-4.14165,2022-09-11,5
16.19162,-4.141,2022-09-11,5
13.12765,-4.10882,2022-09-11,5
13.12352,-4.10812,2022-09-11,5
13.12615,-4.10769,2022-09-11,5
13.11941,-4.10743,2022-09-11,5
13.12201,-4.10702,2022-09-11,5
13.12689,-4.10336,2022-09-11,5
13.12273,-4.10269,2022-09-11,5
16.09029,-4.05338,2022-09-11,5
16.09076,-4.04975,2022-09-11,5
16.68147,-4.0318,2022-09-11,5
15.94384,-4.02645,2022-09-11,5
15.65667,-4.02096,2022-09-11,5
16.09151,-4.01653,2022-09-11,5
16.09226,-4.01294,2022-09-11,5
16.0508,-4.00628,2022-09-11,5
16.21251,-4.00277,2022-09-11,5
16.21309,-3.99918,2022-09-11,5
15.78209,-3.9744,2022-09-11,5
15.73002,-3.96984,2022-09-11,5
15.73536,-3.96691,2022-09-11,5
15.73083,-3.96619,2022-09-11,5
14.80218,-3.95333,2022-09-11,5
14.79997,-3.95293,2022-09-11,5
16.71878,-3.94772,2022-09-11,5
16.12352,-3.9433,2022-09-11,5
16.11939,-3.94264,2022-09-11,5
-175.33495,-21.11834,2022-09-12,33
-174.76918,-18.99109,2022-09-12,33
-174.76459,-18.99065,2022-09-12,33
161.3046,56.6296,2022-09-12,54
161.31558,56.6327,2022-09-12,54
71.55582,71.25038,2022-09-12,105
21.2869,64.66425,2022-09-12,107
21.27909,64.66542,2022-09-12,107
22.25684,65.55314,2022-09-12,107
24.18756,65.76276,2022-09-12,107
24.17963,65.76407,2022-09-12,107
24.18775,65.76451,2022-09-12,107
24.17983,65.76582,2022-09-12,107
24.1908,65.76762,2022-09-12,107
60.50592,67.66036,2022-09-12,107
17.12433,58.67739,2022-09-12,109
17.13259,58.67965,2022-09-12,109
17.13439,58.68289,2022-09-12,109
17.97601,58.91926,2022-09-12,109
37.79169,59.12944,2022-09-12,109
37.7864,59.13129,2022-09-12,109
37.78822,59.1316,2022-09-12,109
37.81924,59.1328,2022-09-12,109
37.78113,59.13312,2022-09-12,109
37.82124,59.13317,2022-09-12,109
37.78291,59.13342,2022-09-12,109
37.84698,59.14259,2022-09-12,109
37.85287,59.14701,2022-09-12,109
37.86929,59.14779,2022-09-12,109
37.86397,59.14964,2022-09-12,109
37.88055,59.15037,2022-09-12,109
28.4591,59.38559,2022-09-12,109
34.14035,59.52704,2022-09-12,109
34.14495,59.53115,2022-09-12,109
22.2932,60.28656,2022-09-12,109
28.12997,60.52198,2022-09-12,109
28.17301,61.02949,2022-09-12,109
18.83017,50.33075,2022-09-12,111
18.87056,50.34176,2022-09-12,111
18.1374,50.41395,2022-09-12,111
18.1451,50.41618,2022-09-12,111
17.97689,50.53188,2022-09-12,111
17.97855,50.53529,2022-09-12,111
19.18115,50.7993,2022-09-12,111
20.53427,50.80455,2022-09-12,111
20.52718,50.80608,2022-09-12,111
20.53425,50.80684,2022-09-12,111
18.93782,51.10382,2022-09-12,111
12.01359,51.29863,2022-09-12,111
8.74506,51.69873,2022-09-12,111
8.03051,51.85508,2022-09-12,111
12.57447,51.87993,2022-09-12,111
10.40339,52.14942,2022-09-12,111
10.39708,52.15019,2022-09-12,111
10.40451,52.15291,2022-09-12,111
10.39819,52.15368,2022-09-12,111
10.40563,52.15639,2022-09-12,111
10.41307,52.15911,2022-09-12,111
10.42052,52.16182,2022-09-12,111
10.41419,52.16259,2022-09-12,111
10.42797,52.16452,2022-09-12,111
14.62421,52.16877,2022-09-12,111
14.64214,52.16939,2022-09-12,111
14.6311,52.17115,2022-09-12,111
14.62557,52.17202,2022-09-12,111
7.89037,52.17456,2022-09-12,111
8.05428,52.2087,2022-09-12,111
8.04677,52.20947,2022-09-12,111
9.88626,52.35256,2022-09-12,111
9.88595,52.35348,2022-09-12,111
9.87825,52.37276,2022-09-12,111
12.49492,52.39752,2022-09-12,111
12.49616,52.40084,2022-09-12,111
13.84112,52.48833,2022-09-12,111
12.93086,52.84618,2022-09-12,111
8.69066,53.1236,2022-09-12,111
8.67619,53.13214,2022-09-12,111
8.67788,53.13263,2022-09-12,111
8.69222,53.13436,2022-09-12,111
8.69388,53.1348,2022-09-12,111
8.67727,53.13587,2022-09-12,111
-169.91628,-19.08646,2022-09-13,11
-169.91597,-19.08318,2022-09-13,11
37.81926,59.12696,2022-09-13,50
37.79402,59.12938,2022-09-13,50
37.79072,59.13004,2022-09-13,50
37.786,59.13171,2022-09-13,50
37.79519,59.13406,2022-09-13,50
37.8201,59.13743,2022-09-13,50
37.84484,59.14085,2022-09-13,50
37.8494,59.14487,2022-09-13,50
37.86193,59.14654,2022-09-13,50
34.14264,59.52957,2022-09-13,50
19.96011,53.87298,2022-09-13,52
-1.63531,54.95182,2022-09-13,52
21.80099,55.09531,2022-09-13,52
37.85428,56.50563,2022-09-13,52
18.80423,57.71018,2022-09-13,52
28.46319,59.38423,2022-09-13,52
22.28685,60.28647,2022-09-13,52
30.92652,45.37302,2022-09-13,54
22.33102,47.03451,2022-09-13,54
22.33156,47.03603,2022-09-13,54
18.89347,47.27866,2022-09-13,54
18.8947,47.28196,2022-09-13,54
21.3677,47.50899,2022-09-13,54
13.77962,47.925,2022-09-13,54
16.60396,47.98504,2022-09-13,54
14.3309,48.25889,2022-09-13,54
14.33008,48.26151,2022-09-13,54
14.32825,48.26991,2022-09-13,54
14.34052,48.27191,2022-09-13,54
14.32361,48.27407,2022-09-13,54
14.34152,48.27534,2022-09-13,54
14.33588,48.27606,2022-09-13,54
14.33024,48.27678,2022-09-13,54
14.34251,48.27877,2022-09-13,54
14.33687,48.2795,2022-09-13,54
14.32659,48.28437,2022-09-13,54
17.19422,48.45818,2022-09-13,54
10.85632,48.50914,2022-09-13,54
20.83997,48.59232,2022-09-13,54
21.17766,48.60312,2022-09-13,54
21.17912,48.60649,2022-09-13,54
21.18619,48.60881,2022-09-13,54
21.1989,48.61003,2022-09-13,54
21.18909,48.61557,2022-09-13,54
20.22119,48.6459,2022-09-13,54
8.32909,49.0589,2022-09-13,54
16.77445,49.21398,2022-09-13,54
16.7756,49.21726,2022-09-13,54
6.8508,49.24554,2022-09-13,54
6.74694,49.34764,2022-09-13,54
6.73965,49.35288,2022-09-13,54
18.66619,49.67906,2022-09-13,54
18.65296,49.68813,2022-09-13,54
18.3299,49.78765,2022-09-13,54
15.63724,49.89407,2022-09-13,54
9.76872,49.95466,2022-09-13,54
18.48914,50.03679,2022-09-13,54
18.48385,50.03763,2022-09-13,54
20.09794,50.07386,2022-09-13,54
19.28982,50.33534,2022-09-13,54
19.28449,50.33622,2022-09-13,54
19.33773,50.3413,2022-09-13,54
18.8672,50.3421,2022-09-13,54
19.29377,50.34511,2022-09-13,54
18.1433,50.41614,2022-09-13,54
19.47017,50.49055,2022-09-13,54
17.97966,50.53372,2022-09-13,54
17.97429,50.53455,2022-09-13,54
5.66977,50.76335,2022-09-13,54
20.53156,50.80624,2022-09-13,54
20.2702,50.82693,2022-09-13,54
19.21801,50.87207,2022-09-13,54
18.94155,51.10498,2022-09-13,54
16.10928,51.17802,2022-09-13,54
16.11621,51.18063,2022-09-13,54
-155.28699,19.40113,2022-09-14,5
-155.28172,19.40174,2022-09-14,5
-155.28316,19.40381,2022-09-14,5
-155.27795,19.40438,2022-09-14,5
-155.28229,19.40643,2022-09-14,5
-155.28922,19.4079,2022-09-14,5
-155.28384,19.40849,2022-09-14,5
-155.27856,19.40906,2022-09-14,5
-155.28836,19.41048,2022-09-14,5
-155.28297,19.41111,2022-09-14,5
-155.28462,19.41315,2022-09-14,5
56.70419,67.16652,2022-09-14,28
68.24547,70.52245,2022-09-14,28
68.25695,70.52528,2022-09-14,28
57.55246,58.86803,2022-09-14,30
57.13171,59.59522,2022-09-14,30
57.14072,59.6002,2022-09-14,30
17.12926,58.67012,2022-09-14,33
17.13267,58.68263,2022-09-14,33
37.82097,59.12775,2022-09-14,33
37.79044,59.13078,2022-09-14,33
37.81863,59.13721,2022-09-14,33
37.80962,59.13942,2022-09-14,33
37.84328,59.14006,2022-09-14,33
37.8506,59.14079,2022-09-14,33
37.84672,59.14367,2022-09-14,33
37.85402,59.1444,2022-09-14,33
37.85919,59.14507,2022-09-14,33
37.8664,59.14578,2022-09-14,33
37.87161,59.14648,2022-09-14,33
37.85013,59.14729,2022-09-14,33
37.8574,59.14802,2022-09-14,33
37.86256,59.14869,2022-09-14,33
37.86977,59.1494,2022-09-14,33
37.84109,59.1495,2022-09-14,33
34.14068,59.52826,2022-09-14,33
34.14342,59.5293,2022-09-14,33
34.14335,59.53159,2022-09-14,33
39.89915,61.09837,2022-09-14,33
32.42778,41.56454,2022-09-14,35
27.59481,43.23199,2022-09-14,35
23.97333,43.34897,2022-09-14,35
23.96805,43.34998,2022-09-14,35
19.88885,44.01126,2022-09-14,35
20.38436,44.09604,2022-09-14,35
21.20742,44.25809,2022-09-14,35
21.20845,44.26137,2022-09-14,35
21.20368,44.26214,2022-09-14,35
20.27139,44.43646,2022-09-14,35
20.9733,44.59579,2022-09-14,35
20.9791,44.59831,2022-09-14,35
20.97054,44.6031,2022-09-14,35
20.963,44.61118,2022-09-14,35
21.24202,44.7409,2022-09-14,35
23.10438,44.87909,2022-09-14,35
23.18262,44.92937,2022-09-14,35
25.41413,45.12143,2022-09-14,35
25.41564,45.12243,2022-09-14,35
19.70847,45.20742,2022-09-14,35
25.11159,45.29088,2022-09-14,35
30.9309,45.37181,2022-09-14,35
30.92474,45.37336,2022-09-14,35
30.93308,45.37613,2022-09-14,35
30.92692,45.37767,2022-09-14,35
76.21741,64.52571,2022-09-15,7
76.73688,64.68262,2022-09-15,7
76.73475,64.68537,2022-09-15,7
76.72879,64.68796,2022-09-15,7
75.54118,66.9528,2022-09-15,7
75.54714,66.95377,2022-09-15,7
75.53487,66.95647,2022-09-15,7
75.54086,66.95749,2022-09-15,7
64.73553,60.32983,2022-09-15,9
64.73112,60.33017,2022-09-15,9
65.42486,60.81361,2022-09-15,9
64.81874,60.89942,2022-09-15,9
67.26246,61.42372,2022-09-15,9
66.9545,61.75006,2022-09-15,9
66.96037,61.75072,2022-09-15,9
66.96523,61.7546,2022-09-15,9
68.56605,61.98048,2022-09-15,9
73.61148,62.88552,2022-09-15,9
72.83697,63.24517,2022-09-15,9
75.36359,64.19708,2022-09-15,9
75.35992,64.19754,2022-09-15,9
75.38204,64.40778,2022-09-15,9
75.36428,64.40907,2022-09-15,9
75.37768,64.4128,2022-09-15,9
75.37402,64.41288,2022-09-15,9
58.03915,66.42099,2022-09-15,9
55.97549,67.93449,2022-09-15,9
55.47802,67.95486,2022-09-15,9
46.03447,50.66103,2022-09-15,13
45.45133,50.7501,2022-09-15,13
9.97305,57.05976,2022-09-15,13
9.96872,57.06017,2022-09-15,13
9.97818,57.06033,2022-09-15,13
9.62387,59.12419,2022-09-15,13
9.6192,59.12967,2022-09-15,13
42.00984,44.12326,2022-09-15,16
45.28801,44.91647,2022-09-15,16
26.61201,46.4631,2022-09-15,16
48.12609,46.76942,2022-09-15,16
48.11681,46.77293,2022-09-15,16
48.12244,46.77313,2022-09-15,16
48.13141,46.77574,2022-09-15,16
48.12211,46.77925,2022-09-15,16
14.33672,48.27642,2022-09-15,16
6.70951,51.3642,2022-09-15,16
6.70096,51.36477,2022-09-15,16
6.71225,51.36512,2022-09-15,16
6.73968,51.45963,2022-09-15,16
6.73924,51.46129,2022-09-15,16
10.39841,52.14949,2022-09-15,16
10.39838,52.15576,2022-09-15,16
10.4142,52.16204,2022-09-15,16
10.43017,52.16204,2022-09-15,16
9.88595,52.35417,2022-09-15,16
8.67313,53.13595,2022-09-15,16
8.67657,53.14022,2022-09-15,16
8.67288,53.14266,2022-09-15,16
38.71804,38.88253,2022-09-15,18
42.50547,33.5911,2022-09-16,1
44.02051,34.86238,2022-09-16,1
43.80144,34.86999,2022-09-16,1
43.80264,34.8922,2022-09-16,1
43.8055,34.89883,2022-09-16,1
40.8236,34.90871,2022-09-16,1
37.94593,34.91439,2022-09-16,1
37.94226,34.91531,2022-09-16,1
43.49324,35.00248,2022-09-16,1
44.57171,35.12317,2022-09-16,1
40.08574,35.19876,2022-09-16,1
40.44519,35.30459,2022-09-16,1
40.30297,35.38117,2022-09-16,1
44.2158,35.384,2022-09-16,1
44.21902,35.38498,2022-09-16,1
44.22065,35.40721,2022-09-16,1
44.19004,35.41669,2022-09-16,1
44.41712,35.45787,2022-09-16,1
44.15832,35.48536,2022-09-16,1
44.1507,35.48774,2022-09-16,1
44.33989,35.52633,2022-09-16,1
44.34281,35.53302,2022-09-16,1
44.33509,35.53544,2022-09-16,1
44.84592,35.54024,2022-09-16,1
44.26669,35.55688,2022-09-16,1
44.00976,35.62951,2022-09-16,1
43.96367,35.65872,2022-09-16,1
43.96656,35.66528,2022-09-16,1
43.88326,35.68357,2022-09-16,1
43.87594,35.68583,2022-09-16,1
44.03148,35.71978,2022-09-16,1
44.04144,35.72414,2022-09-16,1
44.03407,35.72643,2022-09-16,1
43.99651,35.77533,2022-09-16,1
43.72443,35.94983,2022-09-16,1
43.73391,35.95422,2022-09-16,1
43.72713,35.95631,2022-09-16,1
43.76358,35.96708,2022-09-16,1
43.7665,35.96817,2022-09-16,1
43.77455,35.97105,2022-09-16,1
43.77083,35.9795,2022-09-16,1
43.77355,35.98065,2022-09-16,1
43.7664,35.98288,2022-09-16,1
43.76317,35.99646,2022-09-16,1
43.76585,35.9977,2022-09-16,1
43.75877,35.9999,2022-09-16,1
43.67936,36.01721,2022-09-16,1
43.68614,36.01986,2022-09-16,1
43.67933,36.02193,2022-09-16,1
43.6389,36.0806,2022-09-16,1
43.63109,36.0975,2022-09-16,1
40.80912,36.12893,2022-09-16,1
40.81411,36.14008,2022-09-16,1
33.72791,36.26229,2022-09-16,1
42.92949,36.44286,2022-09-16,1
42.92908,36.44377,2022-09-16,1
41.28174,36.4571,2022-09-16,1
36.20323,36.71696,2022-09-16,1
36.19797,36.7182,2022-09-16,1
36.20819,36.73015,2022-09-16,1
36.20975,36.73457,2022-09-16,1
43.49749,36.74899,2022-09-16,1
43.49952,36.74986,2022-09-16,1
43.32273,36.77431,2022-09-16,1
43.32412,36.77431,2022-09-16,1
36.21209,36.78792,2022-09-16,1
43.48625,36.86569,2022-09-16,1
43.48549,36.86591,2022-09-16,1
43.52399,36.86851,2022-09-16,1
19.4366,-34.25955,2022-09-17,1
18.04402,-32.96386,2022-09-17,1
18.04667,-32.9611,2022-09-17,1
27.71769,-32.20515,2022-09-17,1
31.15634,-27.9413,2022-09-17,1
31.14876,-27.94087,2022-09-17,1
31.1399,-27.9196,2022-09-17,1
31.12741,-27.91199,2022-09-17,1
30.65257,-27.89878,2022-09-17,1
30.64615,-27.8984,2022-09-17,1
30.63982,-27.89803,2022-09-17,1
30.64647,-27.89167,2022-09-17,1
30.64018,-27.8913,2022-09-17,1
30.63397,-27.89094,2022-09-17,1
31.5003,-27.80684,2022-09-17,1
30.92955,-27.79836,2022-09-17,1
30.93029,-27.79156,2022-09-17,1
30.92896,-27.79012,2022-09-17,1
30.94371,-27.78538,2022-09-17,1
30.94226,-27.78402,2022-09-17,1
30.96431,-27.75782,2022-09-17,1
30.95753,-27.75745,2022-09-17,1
30.984,-27.75202,2022-09-17,1
30.96436,-27.75097,2022-09-17,1
30.81447,-27.74285,2022-09-17,1
29.76747,-27.72828,2022-09-17,1
29.76744,-27.72652,2022-09-17,1
30.0187,-27.69701,2022-09-17,1
31.07127,-27.63292,2022-09-17,1
31.06924,-27.63206,2022-09-17,1
30.84819,-27.61223,2022-09-17,1
29.99815,-27.46823,2022-09-17,1
29.90412,-27.45605,2022-09-17,1
29.90345,-27.45564,2022-09-17,1
30.21391,-27.40385,2022-09-17,1
30.20852,-27.40352,2022-09-17,1
31.56286,-27.22547,2022-09-17,1
31.55477,-27.22502,2022-09-17,1
31.55611,-27.22313,2022-09-17,1
30.70267,-27.17832,2022-09-17,1
30.70209,-27.17515,2022-09-17,1
30.70278,-27.1716,2022-09-17,1
30.69691,-27.17127,2022-09-17,1
30.70226,-27.16843,2022-09-17,1
30.69625,-27.16806,2022-09-17,1
30.68221,-27.07983,2022-09-17,1
31.45712,-27.06767,2022-09-17,1
27.83916,-26.82502,2022-09-17,1
27.85854,-26.80371,2022-09-17,1
28.45387,-26.75592,2022-09-17,1
28.44925,-26.75557,2022-09-17,1
27.96746,-26.72414,2022-09-17,1
27.94613,-26.72245,2022-09-17,1
27.94188,-26.72211,2022-09-17,1
27.8286,-26.67112,2022-09-17,1
27.80779,-26.66936,2022-09-17,1
27.81308,-26.65843,2022-09-17,1
27.80896,-26.65808,2022-09-17,1
27.85393,-26.65803,2022-09-17,1
27.816,-26.65512,2022-09-17,1
27.81186,-26.6548,2022-09-17,1
27.80773,-26.65448,2022-09-17,1
27.95681,-26.58433,2022-09-17,1
30.79706,-26.57515,2022-09-17,1
30.79048,-26.57476,2022-09-17,1
30.79651,-26.57184,2022-09-17,1
30.78986,-26.57141,2022-09-17,1
29.14702,-26.54881,2022-09-17,1
29.15154,-26.54874,2022-09-17,1
29.14652,-26.5484,2022-09-17,1
29.15767,-26.54346,2022-09-17,1
70.98426,66.197,2022-09-18,52
70.99185,66.19942,2022-09-18,52
70.99938,66.20007,2022-09-18,52
70.99252,66.20544,2022-09-18,52
14.17496,66.31221,2022-09-18,56
37.71486,54.16624,2022-09-18,58
15.76928,56.22113,2022-09-18,58
15.76249,56.22198,2022-09-18,58
15.7639,56.22541,2022-09-18,58
15.53362,56.36634,2022-09-18,58
22.58851,56.69011,2022-09-18,58
6.89222,58.27605,2022-09-18,58
12.37864,58.35921,2022-09-18,58
11.30522,59.39687,2022-09-18,58
22.28961,60.28768,2022-09-18,58
16.79444,60.61077,2022-09-18,58
33.86218,44.77211,2022-09-18,100
2.64981,50.39608,2022-09-18,100
2.11271,50.69707,2022-09-18,100
2.11225,50.69828,2022-09-18,100
3.8245,51.16869,2022-09-18,100
3.81968,51.16888,2022-09-18,100
3.81486,51.16907,2022-09-18,100
3.81002,51.16926,2022-09-18,100
3.8052,51.16945,2022-09-18,100
3.81059,51.17442,2022-09-18,100
3.80573,51.17461,2022-09-18,100
16.11525,51.17927,2022-09-18,100
16.11648,51.18256,2022-09-18,100
8.74491,51.69802,2022-09-18,100
8.74465,51.69825,2022-09-18,100
10.39908,52.15276,2022-09-18,100
10.40803,52.1559,2022-09-18,100
10.40004,52.15666,2022-09-18,100
14.62883,52.17149,2022-09-18,100
9.90063,53.52209,2022-09-18,100
9.58252,53.87556,2022-09-18,100
29.46707,38.62514,2022-09-18,102
30.61919,38.65846,2022-09-18,102
26.94396,38.73911,2022-09-18,102
26.94968,38.75049,2022-09-18,102
26.95107,38.7543,2022-09-18,102
26.95249,38.75619,2022-09-18,102
26.93633,38.78708,2022-09-18,102
22.98704,39.35376,2022-09-18,102
30.0397,39.48153,2022-09-18,102
30.04416,39.48595,2022-09-18,102
26.24459,39.86348,2022-09-18,102
26.2447,39.86653,2022-09-18,102
17.99821,40.6273,2022-09-18,102
28.55611,41.02239,2022-09-18,102
32.63552,41.17923,2022-09-18,102
32.63279,41.1824,2022-09-18,102
15.53541,41.23101,2022-09-18,102
31.41396,41.25608,2022-09-18,102
9.44742,42.52037,2022-09-18,102
9.45383,42.5233,2022-09-18,102
9.45461,42.52692,2022-09-18,102
24.17451,42.7121,2022-09-18,102
24.16788,42.7138,2022-09-18,102
24.16969,42.71843,2022-09-18,102
27.59525,43.23405,2022-09-18,102
4.89264,43.43507,2022-09-18,102
4.88633,43.43554,2022-09-18,102
4.8933,43.43962,2022-09-18,102
4.88699,43.44009,2022-09-18,102
80.10659,67.81751,2022-10-30,105
71.84476,71.25719,2022-10-30,105
24.42823,64.646,2022-10-30,107
24.42948,64.6567,2022-10-30,107
24.42184,64.65804,2022-10-30,107
24.43244,64.65982,2022-10-30,107
24.4248,64.66116,2022-10-30,107
21.27991,64.66226,2022-10-30,107
21.28252,64.66545,2022-10-30,107
22.22868,65.56116,2022-10-30,107
22.22065,65.56238,2022-10-30,107
22.21263,65.56358,2022-10-30,107
24.18885,65.76337,2022-10-30,107
24.18092,65.76467,2022-10-30,107
24.19189,65.76649,2022-10-30,107
24.18396,65.76779,2022-10-30,107
18.80239,57.7091,2022-10-30,109
12.38004,58.35807,2022-10-30,109
10.29714,59.07531,2022-10-30,109
6.36423,59.64578,2022-10-30,109
22.29216,60.28538,2022-10-30,109
25.43984,60.77892,2022-10-30,109
1.902,61.29411,2022-10-30,109
1.89538,61.29424,2022-10-30,109
19.28633,50.33555,2022-10-30,111
19.33878,50.34021,2022-10-30,111
18.14413,50.4156,2022-10-30,111
18.14413,50.41636,2022-10-30,111
17.97823,50.5344,2022-10-30,111
16.11362,51.18107,2022-10-30,111
15.98083,51.68851,2022-10-30,111
29.33998,51.88768,2022-10-30,111
10.40491,52.15168,2022-10-30,111
10.39857,52.15245,2022-10-30,111
10.41462,52.16139,2022-10-30,111
14.61506,52.17198,2022-10-30,111
4.59037,52.48052,2022-10-30,111
77.0984,66.52004,2022-11-02,7
77.11017,66.52174,2022-11-02,7
77.53577,66.5799,2022-11-02,7
77.26083,66.75385,2022-11-02,7
75.53465,66.9529,2022-11-02,7
75.54113,66.95384,2022-11-02,7
75.54751,66.95623,2022-11-02,7
76.39939,66.99332,2022-11-02,7
72.51904,67.79573,2022-11-02,7
72.53074,67.799,2022-11-02,7
72.50796,67.80133,2022-11-02,7
72.50237,67.80415,2022-11-02,7
72.51956,67.80466,2022-11-02,7
72.53693,67.80508,2022-11-02,7
72.49677,67.80698,2022-11-02,7
72.51397,67.80748,2022-11-02,7
72.53131,67.80792,2022-11-02,7
80.31078,68.57018,2022-11-02,7
80.32469,68.57308,2022-11-02,7
68.22697,70.44654,2022-11-02,7
71.84728,71.25658,2022-11-02,7
72.0636,71.258,2022-11-02,7
70.99619,66.19833,2022-11-02,9
70.99554,66.19918,2022-11-02,9
43.78527,59.3896,2022-11-02,11
43.74206,59.71657,2022-11-02,11
9.13859,63.31663,2022-11-02,11
24.42636,64.64434,2022-11-02,11
24.43833,64.65201,2022-11-02,11
14.16457,66.31137,2022-11-02,11
45.45453,43.4295,2022-11-02,16
45.44561,43.43277,2022-11-02,16
45.45185,43.43625,2022-11-02,16
42.01297,44.12383,2022-11-02,16
42.00698,44.12574,2022-11-02,16
41.95108,44.65941,2022-11-02,16
41.95098,44.66018,2022-11-02,16
37.80894,44.7324,2022-11-02,16
37.80505,44.73347,2022-11-02,16
26.02808,46.89817,2022-11-02,16
28.95382,47.79058,2022-11-02,16
10.85354,48.51007,2022-11-02,16
33.88599,50.28759,2022-11-02,16
33.87938,50.28899,2022-11-02,16
37.93312,51.13833,2022-11-02,16
37.92728,51.13977,2022-11-02,16
15.98545,51.68579,2022-11-02,16
15.97652,51.68623,2022-11-02,16
15.9771,51.69119,2022-11-02,16
29.34027,51.89042,2022-11-02,16
29.34166,51.89367,2022-11-02,16
10.39761,52.15035,2022-11-02,16
37.90185,34.60981,2022-11-03,1
37.8629,34.61405,2022-11-03,1
44.02302,34.86445,2022-11-03,1
43.80856,34.89317,2022-11-03,1
43.80733,34.8939,2022-11-03,1
43.80111,34.89544,2022-11-03,1
37.94687,34.91448,2022-11-03,1
37.94319,34.9154,2022-11-03,1
43.49091,34.99922,2022-11-03,1
43.49413,35.00329,2022-11-03,1
43.49384,35.00569,2022-11-03,1
44.57106,35.12216,2022-11-03,1
44.57008,35.1274,2022-11-03,1
40.08617,35.19577,2022-11-03,1
40.44809,35.30317,2022-11-03,1
40.44376,35.30331,2022-11-03,1
40.30311,35.37949,2022-11-03,1
44.22226,35.40975,2022-11-03,1
44.42184,35.45766,2022-11-03,1
44.42548,35.4592,2022-11-03,1
44.41779,35.46161,2022-11-03,1
44.15324,35.48373,2022-11-03,1
44.15127,35.48439,2022-11-03,1
44.15426,35.49097,2022-11-03,1
44.34106,35.52891,2022-11-03,1
44.34446,35.52992,2022-11-03,1
44.33352,35.53129,2022-11-03,1
44.33692,35.53225,2022-11-03,1
44.3363,35.53799,2022-11-03,1
44.26566,35.55265,2022-11-03,1
44.26891,35.55324,2022-11-03,1
44.26861,35.55927,2022-11-03,1
44.2719,35.55986,2022-11-03,1
44.00618,35.62644,2022-11-03,1
44.00397,35.62711,2022-11-03,1
44.00945,35.63287,2022-11-03,1
44.00722,35.63354,2022-11-03,1
43.87897,35.68081,2022-11-03,1
43.87353,35.68166,2022-11-03,1
43.87171,35.68306,2022-11-03,1
43.88188,35.6873,2022-11-03,1
43.87459,35.68955,2022-11-03,1
43.77214,35.72119,2022-11-03,1
44.03692,35.72199,2022-11-03,1
44.0405,35.72733,2022-11-03,1
44.03942,35.72865,2022-11-03,1
44.0332,35.72956,2022-11-03,1
44.0322,35.73091,2022-11-03,1
43.79237,35.92256,2022-11-03,1
43.788,35.9256,2022-11-03,1
43.72623,35.94985,2022-11-03,1
43.72891,35.95113,2022-11-03,1
43.77546,35.96599,2022-11-03,1
43.76823,35.96821,2022-11-03,1
43.76102,35.97042,2022-11-03,1
25.56723,-34.01519,2022-11-04,1
19.09234,-33.46004,2022-11-04,1
19.09621,-33.45905,2022-11-04,1
19.09131,-33.45845,2022-11-04,1
19.09323,-33.4564,2022-11-04,1
19.08855,-33.45581,2022-11-04,1
19.09713,-33.4554,2022-11-04,1
19.08754,-33.45422,2022-11-04,1
19.08928,-33.45214,2022-11-04,1
19.08489,-33.45159,2022-11-04,1
19.0882,-33.45055,2022-11-04,1
19.09454,-33.44905,2022-11-04,1
19.09498,-33.44535,2022-11-04,1
19.09044,-33.44477,2022-11-04,1
19.08603,-33.44422,2022-11-04,1
20.67141,-24.81151,2022-11-04,1
77.26,66.75465,2022-11-04,109
75.53661,66.95164,2022-11-04,109
75.54765,66.9538,2022-11-04,109
76.39952,66.99351,2022-11-04,109
76.40405,66.99379,2022-11-04,109
76.1925,67.01792,2022-11-04,109
83.13281,67.33691,2022-11-04,109
72.51324,67.79994,2022-11-04,109
72.52952,67.80241,2022-11-04,109
72.51398,67.8028,2022-11-04,109
72.50791,67.80512,2022-11-04,109
72.52414,67.80763,2022-11-04,109
72.50847,67.80804,2022-11-04,109
80.10644,67.81972,2022-11-04,109
56.60759,66.43089,2022-11-04,111
57.7002,68.65646,2022-11-04,111
18.80188,57.70895,2022-11-04,115
22.28731,60.28595,2022-11-04,115
26.25727,50.54237,2022-11-04,117
15.98068,51.68731,2022-11-04,117
14.6261,52.16996,2022-11-04,117
-0.59826,53.56629,2022-11-04,117
-0.60353,53.56647,2022-11-04,117
-0.61673,53.58781,2022-11-04,117
-0.245,53.63213,2022-11-04,117
-0.25002,53.63231,2022-11-04,117
-0.24214,53.63569,2022-11-04,117
22.58848,56.68938,2022-11-04,117
0.86247,58.34958,2022-11-04,117
0.86313,58.35465,2022-11-04,117
25.31948,41.20113,2022-11-04,120
25.32536,41.20527,2022-11-04,120
25.2933,41.23671,2022-11-04,120
-176.13013,52.07723,2022-11-05,37
37.78333,59.12994,2022-11-05,56
37.78817,59.13412,2022-11-05,56
37.86257,59.14944,2022-11-05,56
22.91619,56.31348,2022-11-05,58
22.5928,56.69054,2022-11-05,58
9.97773,57.06104,2022-11-05,58
33.56135,47.28193,2022-11-05,100
33.56515,47.28365,2022-11-05,100
33.56551,47.28759,2022-11-05,100
25.95416,47.84972,2022-11-05,100
24.7091,48.9744,2022-11-05,100
5.67454,50.76347,2022-11-05,100
5.66969,50.76421,2022-11-05,100
2.26982,51.02618,2022-11-05,100
2.28737,51.03128,2022-11-05,100
2.29959,51.04205,2022-11-05,100
2.29391,51.04221,2022-11-05,100
3.81292,51.16359,2022-11-05,100
3.8142,51.16431,2022-11-05,100
3.80933,51.16449,2022-11-05,100
3.8135,51.16877,2022-11-05,100
3.80862,51.16897,2022-11-05,100
3.80376,51.16918,2022-11-05,100
3.80992,51.16967,2022-11-05,100
3.80506,51.16986,2022-11-05,100
3.81407,51.17395,2022-11-05,100
3.80917,51.17416,2022-11-05,100
3.80426,51.17437,2022-11-05,100
3.81049,51.17486,2022-11-05,100
3.80558,51.17504,2022-11-05,100
3.81103,51.18004,2022-11-05,100
6.70971,51.36288,2022-11-05,100
6.71046,51.36744,2022-11-05,100
6.70309,51.3679,2022-11-05,100
6.74057,51.46218,2022-11-05,100
6.72456,51.50006,2022-11-05,100
6.74017,51.50365,2022-11-05,100
6.97113,51.52035,2022-11-05,100
8.33607,51.59236,2022-11-05,100
8.33684,51.59661,2022-11-05,100
7.02887,51.60813,2022-11-05,100
8.05652,51.76329,2022-11-05,100
8.05819,51.76443,2022-11-05,100
8.0299,51.85842,2022-11-05,100
4.29608,51.87337,2022-11-05,100
29.3325,51.8848,2022-11-05,100
29.34244,51.88718,2022-11-05,100
29.33544,51.88906,2022-11-05,100
-155.28647,19.40212,2022-11-06,9
-155.28717,19.40729,2022-11-06,9
-155.2838,19.40763,2022-11-06,9
58.93339,67.83576,2022-11-06,35
55.97113,67.93272,2022-11-06,35
55.96576,67.9345,2022-11-06,35
57.69164,68.65456,2022-11-06,35
57.70058,68.65777,2022-11-06,35
66.92567,71.20716,2022-11-06,35
34.07289,50.01484,2022-11-06,39
15.98275,51.68482,2022-11-06,39
14.62376,52.16958,2022-11-06,39
14.61532,52.17031,2022-11-06,39
14.61835,52.17376,2022-11-06,39
14.61627,52.17432,2022-11-06,39
-0.09827,52.56182,2022-11-06,39
19.66722,52.5827,2022-11-06,39
19.66781,52.5845,2022-11-06,39
8.67507,53.12808,2022-11-06,39
18.80033,57.70991,2022-11-06,39
27.30145,44.21838,2022-11-06,41
37.80706,44.73404,2022-11-06,41
13.2508,46.00481,2022-11-06,41
13.6262,46.0672,2022-11-06,41
13.62554,46.0674,2022-11-06,41
8.26614,47.06778,2022-11-06,41
14.33681,48.27232,2022-11-06,41
14.32237,48.27374,2022-11-06,41
14.33768,48.27618,2022-11-06,41
7.82245,48.59641,2022-11-06,41
7.82083,48.59731,2022-11-06,41
21.17823,48.60607,2022-11-06,41
6.11105,48.60887,2022-11-06,41
21.17942,48.60933,2022-11-06,41
6.85019,49.24486,2022-11-06,41
5.90582,49.52111,2022-11-06,41
18.14373,50.41458,2022-11-06,41
18.1459,50.42148,2022-11-06,41
17.97582,50.53278,2022-11-06,41
17.97688,50.53626,2022-11-06,41
5.37127,50.56908,2022-11-06,41
5.67347,50.76189,2022-11-06,41
5.67286,50.76585,2022-11-06,41
5.7954,50.98874,2022-11-06,41
-152.81181,-22.63897,2022-11-11,5
-152.80734,-22.63819,2022-11-11,5
-155.2865,19.40142,2022-11-11,15
-155.29097,19.40232,2022-11-11,15
-155.28653,19.40273,2022-11-11,15
-155.28712,19.40715,2022-11-11,15
-155.29187,19.40802,2022-11-11,15
-155.28734,19.40845,2022-11-11,15
72.06838,71.258,2022-11-11,39
33.21208,69.04951,2022-11-11,41
27.25354,44.08741,2022-11-11,47
37.80806,44.73169,2022-11-11,47
37.80638,44.73805,2022-11-11,47
30.92996,45.37128,2022-11-11,47
30.92578,45.37246,2022-11-11,47
30.93275,45.37617,2022-11-11,47
30.92857,45.37734,2022-11-11,47
27.96765,45.41948,2022-11-11,47
16.60607,47.98555,2022-11-11,47
14.32347,48.26915,2022-11-11,47
14.33797,48.27496,2022-11-11,47
14.33165,48.27568,2022-11-11,47
14.33889,48.27859,2022-11-11,47
17.19,48.45808,2022-11-11,47
10.85282,48.50955,2022-11-11,47
20.84369,48.5925,2022-11-11,47
21.18014,48.60617,2022-11-11,47
21.19851,48.61,2022-11-11,47
21.18404,48.61604,2022-11-11,47
20.21842,48.64544,2022-11-11,47
10.16413,48.65253,2022-11-11,47
26.60431,48.74735,2022-11-11,47
16.77201,49.2173,2022-11-11,47
18.66465,49.67863,2022-11-11,47
76.99496,66.05019,2022-11-12,20
77.23148,66.19833,2022-11-12,20
77.83694,66.33064,2022-11-12,20
77.45528,66.64736,2022-11-12,20
80.45004,66.66177,2022-11-12,20
80.45857,66.66347,2022-11-12,20
75.53544,66.95094,2022-11-12,20
75.53755,66.95232,2022-11-12,20
75.54926,66.95414,2022-11-12,20
75.5291,66.95513,2022-11-12,20
75.53111,66.9565,2022-11-12,20
75.54284,66.95837,2022-11-12,20
76.19123,67.01636,2022-11-12,20
83.03274,67.27923,2022-11-12,20
83.03533,67.27979,2022-11-12,20
83.20264,67.55901,2022-11-12,20
83.24019,67.59215,2022-11-12,20
83.23735,67.5947,2022-11-12,20
75.61156,67.97115,2022-11-12,20
83.62608,68.40939,2022-11-12,20
80.32368,68.56934,2022-11-12,20
80.31834,68.57331,2022-11-12,20
70.99171,66.20001,2022-11-12,22
70.98798,66.20026,2022-11-12,22
57.28305,69.26683,2022-11-12,22
18.80003,57.70716,2022-11-12,26
18.80117,57.71129,2022-11-12,26
16.17285,58.61787,2022-11-12,26
42.01134,44.12176,2022-11-12,28
42.00744,44.12439,2022-11-12,28
28.95141,47.78839,2022-11-12,28
20.09948,50.07512,2022-11-12,28
17.97703,50.53558,2022-11-12,28
19.18102,50.79758,2022-11-12,28
19.17993,50.79759,2022-11-12,28
7.01358,50.8157,2022-11-12,28
76.7291,64.68787,2022-11-13,2
77.25256,64.84945,2022-11-13,2
75.54253,64.91604,2022-11-13,2
77.30647,65.7233,2022-11-13,2
77.31047,65.72379,2022-11-13,2
79.03805,65.79023,2022-11-13,2
76.99547,66.04971,2022-11-13,2
76.99382,66.05341,2022-11-13,2
77.23311,66.1966,2022-11-13,2
70.99075,66.1991,2022-11-13,2
80.4518,66.6647,2022-11-13,2
80.46033,66.66475,2022-11-13,2
75.54392,66.9554,2022-11-13,2
75.53775,66.95881,2022-11-13,2
80.8588,66.99559,2022-11-13,2
80.86819,66.99711,2022-11-13,2
80.8728,66.99875,2022-11-13,2
76.18686,67.01615,2022-11-13,2
83.0391,67.28,2022-11-13,2
83.03289,67.28448,2022-11-13,2
83.12252,67.3364,2022-11-13,2
83.12721,67.33794,2022-11-13,2
83.20386,67.56044,2022-11-13,2
83.2458,67.5934,2022-11-13,2
83.61761,68.41183,2022-11-13,2
80.31528,68.57151,2022-11-13,2
80.32069,68.57215,2022-11-13,2
81.82568,69.61854,2022-11-13,2
81.83952,69.62117,2022-11-13,2
27.32372,61.88671,2022-11-13,5
37.9284,51.14098,2022-11-13,7
47.43937,52.04993,2022-11-13,7
39.62384,52.52809,2022-11-13,7
39.63456,52.53443,2022-11-13,7
39.62896,52.53577,2022-11-13,7
39.63126,52.53861,2022-11-13,7
39.61211,52.53979,2022-11-13,7
39.63937,52.5411,2022-11-13,7
39.63961,52.54212,2022-11-13,7
39.61448,52.54271,2022-11-13,7
